region_key,region_name,state_name,population,micropolitan_pct,farm_income_pct,services_employment_pct,manufacturing_employment_pct,distance_to_small_msa,distance_to_large_msa,mining_employment_pct
13_1,Northwest Georgia Regional Commission,Georgia,919579.0,13.66995114068503,1.1157996689840748,70.14161781946072,29.67080890973036,17.121422637903912,30.214340106556005,0.18757327080890973
13_10,Southwest Georgia Regional Commission,Georgia,350231.0,34.41757011800783,2.5189674848953163,80.69237264283704,19.30762735716296,17.317897468581037,193.06767863311762,0.0
13_11,Southern Georgia Regional Commission,Georgia,415992.0,39.77864958941518,1.4690764594167227,81.80405284236953,18.195947157630464,27.741532071006826,170.63590407291036,0.0
13_12,Coastal Regional Commission of Georgia,Georgia,733638.0,18.392449682268367,0.07860438843002476,88.31250765073118,11.65453535344024,7.893301633021973,122.76367678360053,0.03295699582858595
13_2,Georgia Mountains Regional Commission,Georgia,489248.0,14.932713061678331,1.7880435262751342,73.97713280562884,25.99050131926121,12.635414180687537,47.09893942644799,0.032365875109938436
13_3,Atlanta Regional Commission,Georgia,4963535.0,0.0,0.0036580805562301177,94.29242105714215,5.670058647670319,43.774212258607356,28.877277466281793,0.037520295187525705
13_4,Three Rivers Regional Commission,Georgia,527600.0,18.41641394996209,0.49871764509608263,75.31316101351655,24.686838986483444,60.1559436792611,67.35066458760659,0.0
13_5,Northeast Georgia Regional Commission,Georgia,662319.0,11.630800263921163,0.8776582145434092,79.58238674328479,20.277295202458905,12.583858656466894,59.4334988333992,0.1403180542563143
13_6,Middle Georgia Regional Commission,Georgia,510228.0,8.580085765579309,0.2939117634848959,89.0121200663768,10.618186401159493,6.19273182173489,98.03912039822643,0.36969353246371334
13_7,Central Savannah River Area Regional Commission,Georgia,489055.0,1.7560397092351576,0.7286410763644541,87.75053090074869,11.638739478864725,75.9363726221525,11.16897302674222,0.6107296203865887
13_8,River Valley Regional Commission,Georgia,366396.0,15.387176715903012,1.287972890346243,87.68407499798825,12.193208336686249,31.513688192819423,127.48733203152888,0.12271666532550093
13_9,Heart of Georgia-Altamaha Regional Commission,Georgia,294504.0,44.465609974737184,3.0315895554656658,76.27066328280404,23.729336717195967,65.00674720149955,99.16272425062883,0.0
21_1,Barren River Area Development District,Kentucky,313196.0,17.50469354653316,1.8427081744569929,72.13138768381317,27.820158882190544,6.710192585895831,61.59510061453732,0.04845343399628148
21_10,Kentucky River Area Development District,Kentucky,105921.0,0.0,-0.10350322224788916,92.40006961768289,1.676625862969194,61.60477917340607,84.70701369421681,5.923304519347914
21_11,Lake Cumberland Area Development District,Kentucky,207076.0,49.44996040101219,1.047049645529036,76.155841946323,23.722938199140827,71.73499659931541,71.7669110130664,0.12121985453617456
21_12,Lincoln Trail Area Development District,Kentucky,281295.0,16.629872553724738,0.5351787094154782,71.92687272007466,27.91335576732743,4.6794772634754915,53.67915079092262,0.15977151259791308
21_13,Northern Kentucky Area Development District,Kentucky,468852.0,0.0,-0.028541070525043562,84.7741935483871,15.225806451612902,8.938851747971293,59.793578068487825,0.0
21_14,Pennyrile Area Development District,Kentucky,214474.0,39.602935553959924,2.9876825201116364,76.69731045442659,21.293073967532337,40.76673884333897,75.93335399580201,2.0096155780410774
21_15,Purchase Area Development District,Kentucky,165114.0,90.45931901595262,4.436967043620757,83.28430263257147,16.640265520102588,68.22999139505623,113.51524916536746,0.075431847325941
21_2,Big Sandy Area Development District,Kentucky,139552.0,0.0,-0.06087746670846086,92.34451564266868,3.4790802864681494,52.28024174204035,78.13381297802242,4.176404070863174
21_3,Bluegrass Area Development District,Kentucky,832636.0,28.504652693373817,1.075500641111053,83.68882031267727,16.21209714627155,69.00145912862723,4.7065136731307,0.09908254105118255
21_4,Buffalo Trace Area Development District,Kentucky,55869.0,30.550036692978217,0.7326615632867511,78.82415254237289,21.17584745762712,58.4003485603018,51.58490613538673,0.0
21_5,Cumberland Valley Area Development District,Kentucky,229629.0,75.71648180325656,-0.13165978624425193,82.79886685552408,15.244570349386214,64.50883217006276,62.73506235557368,1.956562795089707
21_6,FIVCO Area Development District,Kentucky,134372.0,0.0,-0.14035433506154366,90.5533424831788,9.07173702005155,9.102508677395004,71.88152842207438,0.3749204967696582
21_7,Gateway Area Development District,Kentucky,85492.0,55.094043887147336,-0.14668703871429745,70.70134548151287,29.298654518487126,54.48928569115756,45.77468458566356,0.0
21_8,Green River Area Development District,Kentucky,216145.0,0.0,3.3827589642373193,71.88285626075067,26.91894911715844,9.04846168528388,99.40711457368194,1.1981946220908863
21_9,Kentuckiana Regional Planning and Development Agency,Kentucky,1021606.0,0.0,0.01686979556893312,85.8535377115514,14.095828045233258,39.34622476910251,20.343433330868194,0.050634243215340206
24_1,Tri-County Council for Western Maryland,Maryland,251662.0,0.0,0.5995481603616932,88.31842597917456,11.556768265077636,21.724912247737237,63.136822594076975,0.12480575574779448
24_2,Mid-Shore Regional Council,Maryland,103540.0,67.8192003090593,2.975191530354025,84.4436894853066,15.556310514693392,37.15888490133136,35.65080307953723,0.0
24_3,Tri-County Council for the Lower Eastern Shore,Maryland,181314.0,0.0,3.390446941341591,93.76990873737078,6.230091262629223,29.587558102259006,52.59942951295191,0.0
24_4,Upper Shore Regional Council,Maryland,173481.0,0.0,0.827384082048651,82.62380964038287,17.131386325246638,32.94873331696653,39.95129788404744,0.24480403437048642
24_5,Tri-County Council for Southern Maryland,Maryland,374093.0,0.0,-0.007784317932090168,98.4047609207753,1.5759529418247442,70.56481768816545,17.309310300963542,0.019286137399953163
37_1,Southwestern Commission,North Carolina,203859.0,27.724064181615727,-0.08931919750481776,91.057382910261,8.888988201644619,50.09699956939424,63.271938484675395,0.053628888094386845
37_10,Upper Coastal Plain Council of Governments,North Carolina,289049.0,50.153088230715205,0.6487817530768387,76.03655739440347,23.919921897973346,12.027905603606298,35.38153337802855,0.04352070762318125
37_11,Mid-Carolina Council of Governments,North Carolina,529242.0,0.0,1.185318642926397,89.81364950135836,10.133405084495674,5.613979904190032,35.85926566581908,0.05294541414597311
37_12,Lumber River Council of Governments,North Carolina,277363.0,70.28478924730408,3.446128527853668,65.90445015976931,34.095549840230696,28.46248278798501,69.37563383418362,0.0
37_13,Cape Fear Council of Governments,North Carolina,480274.0,0.0,0.3338994204631889,92.92669222398452,7.027788248849564,10.92452596192495,93.0194474081947,0.045519527165911566
37_14,Eastern Carolina Council of Governments,North Carolina,636987.0,19.376219608877417,2.2201469621376178,83.5781684135237,16.39157107094715,18.41971528923734,39.33468921219503,0.030260515529146378
37_15,Albemarle Commission,North Carolina,173250.0,52.33304473304473,0.5423843137802714,91.53486652760542,8.465133472394582,80.55951403470927,75.08552396221297,0.0
37_16,Mid-East Commission,North Carolina,277350.0,16.120786010456104,1.0784467655242869,84.09060898166932,15.864974850845709,27.219447296267383,11.143310726087376,0.044416167484964526
37_2,Land of Sky Regional Council,North Carolina,440463.0,7.521857681575978,-0.005944257638749922,86.28994186595449,13.643291654864512,6.27931081893112,44.434406605133304,0.06676647918099786
37_3,Isothermal Planning & Development Commission,North Carolina,228374.0,91.44473539019327,0.8305743417490203,71.02689702735681,28.87937894569312,23.45318547591674,48.254126676495645,0.0937240269500787
37_4,High Country Council of Governments,North Carolina,209619.0,57.563961282135686,1.0634756342409788,80.95495634706019,17.596384145870356,30.719648605700772,48.34905070695777,1.4486595070694583
37_5,Western Piedmont Council of Governments,North Carolina,366031.0,0.0,0.8378609929111819,67.42674226278153,32.540342157451676,17.581634463693394,29.231761723141503,0.03291557976679312
37_6,Centralina Regional Council,North Carolina,2318642.0,2.7051610382284115,0.2810566176093187,89.65825248441115,10.307628306927787,46.29730657610452,34.148686787275416,0.03411920866106477
37_7,Piedmont Triad Council of Governments,North Carolina,1745206.0,4.09286926586317,0.31560237602847013,82.70491052685232,17.24532937556261,22.23889066394371,10.651135729014479,0.049760097585080265
37_8,Triangle J Council of Governments,North Carolina,2063238.0,7.964132106911563,0.10174122588807508,92.66681136257506,7.273074064573838,27.56650727695419,29.208013294459786,0.06011457285110133
37_9,Kerr-Tar Council of Governments,North Carolina,231267.0,18.373568213363775,-0.2327651530169938,72.81905312548645,27.14536680824568,52.3525009836273,52.89820855123689,0.035580066267873425
42_1,North Central Pennsylvania,Pennsylvania,216304.0,69.83319772172499,0.3437180016122523,72.71315347049875,25.876230886238094,47.12775562536198,93.39052807156884,1.4106156432631494
42_2,Northwest Pennsylvania,Pennsylvania,684293.0,37.812749801620065,0.1396392249414885,78.51812936729694,21.081578665972394,31.347059399700406,82.73768843991586,0.40029196673067
42_3,Southwestern Pennsylvania,Pennsylvania,2484676.0,3.3563329786257845,0.03683105769403673,90.48537275872917,8.577330397399601,45.95089154165082,4.790807316746796,0.9372968438712383
42_4,Northern Tier,Pennsylvania,171984.0,34.97941668992464,0.8866135808198548,77.77777777777779,18.259911894273127,32.25656774622622,159.12623739761005,3.9623103279490945
42_5,Southern Alleghenies,Pennsylvania,435986.0,27.047886858752346,0.7463387382890359,83.4892688940165,15.928343395391472,15.407204829082941,76.73471914317517,0.5823877105920283
42_6,SEDA-COG,Pennsylvania,683303.0,37.765237383708254,1.2449337518183823,81.40238926358242,18.058473251093808,29.547270005006713,124.19188799811617,0.539137485323772
42_7,Northeastern Pennsylvania,Pennsylvania,1027638.0,13.934965425568146,0.05525265561855696,85.01439486765688,14.630631348601522,19.97979697675417,104.7180166923322,0.354973783741603
45_1,Appalachian Council of Governments,South Carolina,1329043.0,10.155803837799079,0.04026592719136113,79.21582936221844,20.723285093812095,21.871154553129813,3.50340025814395,0.0608855439694737
45_10,Waccamaw Regional Council of Governments,South Carolina,451051.0,14.09907083677899,-0.013024791070182892,94.12352443495428,5.830546714475646,39.292514981656076,66.11259587626705,0.04592885057008178
45_2,Berkeley-Charleston-Dorchester Council of Governments,South Carolina,803398.0,0.0,0.02357627773586336,89.63357786947883,10.339675989607214,56.975007208562616,16.84564225122843,0.02674614091395384
45_3,Catawba Regional Council of Governments,South Carolina,439927.0,6.173296933354852,0.14074028323977145,84.41981689955757,14.9844496035744,50.60492841796451,65.98361866375393,0.5957334968680187
45_4,Central Midlands Council of Governments,South Carolina,770955.0,4.91831559559248,0.1465481809890374,88.7534371053967,11.162380856847264,40.423412454676175,12.813365690186268,0.08418203775603732
45_5,Lowcountry Council of Governments,South Carolina,275966.0,0.0,-0.00303970791355521,97.30613960049826,2.6728497891435175,7.985693601503335,69.31289802470236,0.021010610358230906
45_6,Lower Savannah Council of Governments,South Carolina,310206.0,27.13003616951316,0.3007942921145006,77.74336226785465,22.138095420187884,62.085717676230324,29.445923989012954,0.11854231195747773
45_7,Pee Dee Regional Council of Governments,South Carolina,327628.0,8.114385827829123,0.7156289169864115,78.4943365612709,21.3680567678863,15.545466349466103,72.9458916167974,0.13760667084278952
45_8,Santee Lynches Regional Council of Governments,South Carolina,218698.0,0.0,1.2368672812703743,80.22985537190083,19.677599862258955,7.752168189302411,49.73812201698185,0.0925447658402204
45_9,Upper Savannah Council of Governments,South Carolina,215878.0,32.105633737574,0.6614392158928131,64.89146164978293,35.044449038660325,51.12012414180316,45.527650369397705,0.06408931155675004
47_1,First Tennessee Development District,Tennessee,518378.0,13.580630350825073,-0.12362493694549598,79.70861612562943,20.265509623231097,20.219788519137172,97.29453822924692,0.025874251139462214
47_2,East Tennessee Development District,Tennessee,1262694.0,10.662995151636105,-0.05756284025019581,84.62051793543387,15.280697851861952,39.55300156204359,19.07593496108444,0.09878421270417595
47_3,Southeast Tennessee Development District,Tennessee,666357.0,12.990484079855092,0.3251165398964922,80.73384495516916,19.219325902571164,14.261820762661115,76.53888517714742,0.04682914225966759
47_4,Upper Cumberland Development District,Tennessee,362145.0,59.9699015587679,0.4770065111163126,74.32872784150156,24.895724713242963,74.02382695653513,71.93028123855426,0.7755474452554745
47_5,South Central Tennessee Development District,Tennessee,467169.0,50.75144112730082,0.521774414310701,71.50280174169662,28.323390695863925,48.32282459930324,51.383162109224536,0.17380756243946155
47_6,Southwest Tennessee Development District,Tennessee,251408.0,7.082511296378795,-0.34114637453545626,75.29858508891756,24.701414911082427,12.509270188920011,93.17229877626012,0.0
47_7,Northwest Tennessee Development District,Tennessee,211543.0,45.34349990309299,2.017288612806222,74.25556586270872,25.600649350649352,37.777090743597924,108.89555010834854,0.1437847866419295
47_8,Greater Nashville Regional Council,Tennessee,2092305.0,0.0,-0.0229751141516771,90.65149145367741,9.308318370891861,41.033366149382104,0.7402030777754661,0.0401901754307379
47_9,MidSouth Development District,Tennessee,1054955.0,0.0,-0.004354231766561056,92.50429750955901,7.474557002017529,60.500588032722824,25.14082473742144,0.021145488423467015
51_1,Southwest Virginia,Virginia,370591.0,23.31573081915103,-0.014836318344044905,78.48640448126969,18.891352549889135,43.319322237024004,92.47124107822385,2.6222429688411717
51_2,Central/Western Virginia,Virginia,548297.0,0.0,-0.08742949949980201,82.2449894283515,17.721395652470452,18.238687694540545,84.82876296249148,0.03361491917804215
51_3,Southside Virginia,Virginia,366338.0,45.6810377301836,1.0276773423334429,79.01952638138762,20.87172218284904,53.88193937727646,67.585034012894,0.10875143576333732
51_4,Greater Richmond,Virginia,1074738.0,0.0,0.032899840635760666,92.69747302747045,7.222200826368982,50.95872169669453,7.661809230235695,0.08032614616057526
51_5,Hampton Roads,Virginia,1746440.0,0.0,0.17175548009312386,88.84098712407756,11.153797039203308,36.167568374671696,77.70906150442728,0.005215836719130789
51_6,Mary Ball Washington Regional Council,Virginia,746929.0,0.0,0.06924597923656009,95.28392462071493,4.693812238234162,58.37945787425443,41.43998825401773,0.02226314105091302
51_7,Northern Virginia,Virginia,1393887.0,0.0,-0.002080359774558772,97.11742932975186,2.8252110514198003,51.32286294878117,21.855471890603706,0.05735961882834484
51_8,Shenandoah Valley,Virginia,548008.0,0.0,2.252849565140199,80.92731156688106,19.032416216279312,11.02659177515109,40.63535054603085,0.04027221683962319
51_9,Central Virginia,Virginia,443709.0,0.0,0.0850785043544431,91.38918107982273,8.534082874928869,40.16934154359782,22.430562178536846,0.07673604524840061
54_1,Region I Planning and Development Council,West Virginia,198404.0,30.004435394447693,0.14314338969046028,89.33476447198302,4.847169028858586,31.814193129187526,54.206869936542056,5.818066499158393
54_10,Region X - Bel-O-Mar Regional Council,West Virginia,87164.0,0.0,-0.21465044548203976,86.82202884730003,6.964477291691501,18.32401078495827,50.98168356331882,6.213493861008463
54_11,Region XI - Brooke-Hancock Regional Planning and Development Council,West Virginia,51256.0,0.0,-0.02878566669088256,74.49916194428926,25.50083805571075,10.00763006250501,31.47602078176169,0.0
54_2,Region II Planning and Development Council,West Virginia,234612.0,24.652617939406337,0.08917637812953927,87.98815157808723,9.589390895781554,28.16595304972827,36.41254965792605,2.422457526131218
54_3,Region III - BCKP Regional Intergovernmental Council,West Virginia,114466.0,0.0,0.25095623500715464,86.67182473429165,9.03204788858574,20.671903924141716,46.16131205756747,4.2961273771226125
54_4,Region IV Planning and Development Council,West Virginia,266996.0,0.0,0.00962352453981474,90.00884387531347,6.597773281804635,35.75015890920242,4.741957190357396,3.3933828428818917
54_5,Region V - Mid-Ohio Valley Regional Council,West Virginia,162113.0,0.0,-0.10688910400100092,82.13059286940712,15.667609332390667,8.535855539681636,53.84579490096798,2.2017977982022017
54_6,Region VI Planning and Development Council,West Virginia,286699.0,51.100631672939215,-0.0546862916071041,90.78145394699506,6.21531127631803,11.480054916216982,68.91771272254246,3.0032347766869076
54_7,Region VII Planning and Development Council,West Virginia,111023.0,25.224503030903506,0.18220127835378558,81.9833719036599,12.732493357332647,50.67476704787179,81.75636545459324,5.284134739007457
54_8,Region VIII Planning and Development Council,West Virginia,81671.0,0.0,2.9857310513066118,65.40490406353256,34.59509593646745,29.431707804760244,84.33073423330256,0.0
54_9,Region IX - Eastern Panhandle Regional Planning and Development Council,West Virginia,198563.0,0.0,0.004767310524897883,86.90173762828981,13.098262371710193,16.467300473216717,47.06156700004817,0.0
