virginia_region_key,virginia_region_name,peer_rank,mahalanobis_distance,region_key,region_name,state_name,population,micropolitan_pct,farm_income_pct,services_employment_pct,manufacturing_employment_pct,distance_to_small_msa,distance_to_large_msa,mining_employment_pct
51_1,Southwest Virginia,1,1.9662877809915533,45_3,Catawba Regional Council of Governments,South Carolina,439927.0,6.173296933354852,0.1407402832397714,84.41981689955757,14.9844496035744,50.60492841796451,65.98361866375393,0.5957334968680187
51_1,Southwest Virginia,2,2.071579060771664,42_2,Northwest Pennsylvania,Pennsylvania,684293.0,37.81274980162007,0.1396392249414885,78.51812936729694,21.081578665972398,31.34705939970041,82.73768843991586,0.40029196673067
51_1,Southwest Virginia,3,2.082107693519095,54_7,Region VII Planning and Development Council,West Virginia,111023.0,25.224503030903502,0.1822012783537855,81.9833719036599,12.732493357332649,50.67476704787179,81.75636545459324,5.284134739007457
51_1,Southwest Virginia,4,2.153092334228082,42_4,Northern Tier,Pennsylvania,171984.0,34.97941668992464,0.8866135808198548,77.77777777777779,18.259911894273127,32.25656774622622,159.12623739761003,3.962310327949095
51_1,Southwest Virginia,5,2.234972030238119,13_4,Three Rivers Regional Commission,Georgia,527600.0,18.41641394996209,0.4987176450960826,75.31316101351655,24.686838986483444,60.1559436792611,67.35066458760659,0.0
51_1,Southwest Virginia,6,2.2377288586598856,47_1,First Tennessee Development District,Tennessee,518378.0,13.580630350825071,-0.1236249369454959,79.70861612562943,20.265509623231097,20.21978851913717,97.29453822924692,0.0258742511394622
51_1,Southwest Virginia,7,2.307664348289215,42_7,Northeastern Pennsylvania,Pennsylvania,1027638.0,13.934965425568146,0.0552526556185569,85.01439486765688,14.630631348601522,19.97979697675417,104.7180166923322,0.354973783741603
51_1,Southwest Virginia,8,2.3490249989123377,47_5,South Central Tennessee Development District,Tennessee,467169.0,50.75144112730082,0.521774414310701,71.50280174169662,28.323390695863925,48.32282459930324,51.383162109224536,0.1738075624394615
51_2,Central/Western Virginia,1,0.6889801280206446,47_1,First Tennessee Development District,Tennessee,518378.0,13.580630350825071,-0.1236249369454959,79.70861612562943,20.265509623231097,20.21978851913717,97.29453822924692,0.0258742511394622
51_2,Central/Western Virginia,2,1.0106238972731127,47_3,Southeast Tennessee Development District,Tennessee,666357.0,12.990484079855092,0.3251165398964922,80.73384495516916,19.219325902571164,14.261820762661117,76.53888517714742,0.0468291422596675
51_2,Central/Western Virginia,3,1.0459484712969291,47_6,Southwest Tennessee Development District,Tennessee,251408.0,7.082511296378795,-0.3411463745354562,75.29858508891756,24.701414911082427,12.509270188920013,93.17229877626012,0.0
51_2,Central/Western Virginia,4,1.0709607207813545,45_7,Pee Dee Regional Council of Governments,South Carolina,327628.0,8.114385827829123,0.7156289169864115,78.4943365612709,21.3680567678863,15.545466349466103,72.9458916167974,0.1376066708427895
51_2,Central/Western Virginia,5,1.196349976969671,21_13,Northern Kentucky Area Development District,Kentucky,468852.0,0.0,-0.0285410705250435,84.7741935483871,15.225806451612902,8.938851747971293,59.79357806848783,0.0
51_2,Central/Western Virginia,6,1.3899881305462645,42_7,Northeastern Pennsylvania,Pennsylvania,1027638.0,13.934965425568146,0.0552526556185569,85.01439486765688,14.630631348601522,19.97979697675417,104.7180166923322,0.354973783741603
51_2,Central/Western Virginia,7,1.4757828096231496,13_6,Middle Georgia Regional Commission,Georgia,510228.0,8.580085765579309,0.2939117634848959,89.0121200663768,10.618186401159493,6.19273182173489,98.03912039822644,0.3696935324637133
51_2,Central/Western Virginia,8,1.6976756876656895,21_6,FIVCO Area Development District,Kentucky,134372.0,0.0,-0.1403543350615436,90.5533424831788,9.07173702005155,9.102508677395004,71.88152842207438,0.3749204967696582
51_3,Southside Virginia,1,1.1365542047965536,21_11,Lake Cumberland Area Development District,Kentucky,207076.0,49.44996040101219,1.047049645529036,76.155841946323,23.722938199140827,71.73499659931541,71.7669110130664,0.1212198545361745
51_3,Southside Virginia,2,1.2066317559844864,21_4,Buffalo Trace Area Development District,Kentucky,55869.0,30.550036692978217,0.7326615632867511,78.82415254237289,21.17584745762712,58.4003485603018,51.58490613538673,0.0
51_3,Southside Virginia,3,1.490568244057872,47_5,South Central Tennessee Development District,Tennessee,467169.0,50.75144112730082,0.521774414310701,71.50280174169662,28.323390695863925,48.32282459930324,51.383162109224536,0.1738075624394615
51_3,Southside Virginia,4,1.5880268086493583,47_7,Northwest Tennessee Development District,Tennessee,211543.0,45.34349990309299,2.017288612806222,74.25556586270872,25.600649350649352,37.77709074359792,108.89555010834854,0.1437847866419295
51_3,Southside Virginia,5,1.5975486295212633,47_4,Upper Cumberland Development District,Tennessee,362145.0,59.9699015587679,0.4770065111163126,74.32872784150156,24.895724713242963,74.02382695653513,71.93028123855426,0.7755474452554745
51_3,Southside Virginia,6,1.5978001384208493,45_6,Lower Savannah Council of Governments,South Carolina,310206.0,27.13003616951316,0.3007942921145006,77.74336226785465,22.138095420187884,62.08571767623032,29.445923989012957,0.1185423119574777
51_3,Southside Virginia,7,1.6795304973978282,42_2,Northwest Pennsylvania,Pennsylvania,684293.0,37.81274980162007,0.1396392249414885,78.51812936729694,21.081578665972398,31.34705939970041,82.73768843991586,0.40029196673067
51_3,Southside Virginia,8,1.8935720290895726,21_7,Gateway Area Development District,Kentucky,85492.0,55.094043887147336,-0.1466870387142974,70.70134548151287,29.29865451848713,54.48928569115756,45.77468458566356,0.0
51_6,Mary Ball Washington Regional Council,1,0.832433206488453,47_9,MidSouth Development District,Tennessee,1054955.0,0.0,-0.004354231766561,92.504297509559,7.474557002017529,60.50058803272282,25.14082473742144,0.021145488423467
51_6,Mary Ball Washington Regional Council,2,1.1077444818295088,45_2,Berkeley-Charleston-Dorchester Council of Governments,South Carolina,803398.0,0.0,0.0235762777358633,89.63357786947883,10.339675989607214,56.975007208562616,16.84564225122843,0.0267461409139538
51_6,Mary Ball Washington Regional Council,3,1.2396624023581135,24_5,Tri-County Council for Southern Maryland,Maryland,374093.0,0.0,-0.0077843179320901,98.4047609207753,1.5759529418247442,70.56481768816545,17.309310300963542,0.0192861373999531
51_6,Mary Ball Washington Regional Council,4,1.274605706027474,51_7,Northern Virginia,Virginia,1393887.0,0.0,-0.0020803597745587,97.11742932975186,2.8252110514198003,51.32286294878117,21.855471890603702,0.0573596188283448
51_6,Mary Ball Washington Regional Council,5,1.3168485072724703,51_4,Greater Richmond,Virginia,1074738.0,0.0,0.0328998406357606,92.69747302747044,7.222200826368982,50.95872169669453,7.661809230235695,0.0803261461605752
51_6,Mary Ball Washington Regional Council,6,1.5049288647040397,45_3,Catawba Regional Council of Governments,South Carolina,439927.0,6.173296933354852,0.1407402832397714,84.41981689955757,14.9844496035744,50.60492841796451,65.98361866375393,0.5957334968680187
51_6,Mary Ball Washington Regional Council,7,1.5093427512977577,45_10,Waccamaw Regional Council of Governments,South Carolina,451051.0,14.09907083677899,-0.0130247910701828,94.12352443495428,5.830546714475646,39.29251498165608,66.11259587626705,0.0459288505700817
51_6,Mary Ball Washington Regional Council,8,1.5320754362235216,21_4,Buffalo Trace Area Development District,Kentucky,55869.0,30.550036692978217,0.7326615632867511,78.82415254237289,21.17584745762712,58.4003485603018,51.58490613538673,0.0
51_8,Shenandoah Valley,1,1.1337481402980905,13_2,Georgia Mountains Regional Commission,Georgia,489248.0,14.932713061678331,1.7880435262751342,73.97713280562884,25.99050131926121,12.635414180687537,47.09893942644799,0.0323658751099384
51_8,Shenandoah Valley,2,1.2131880709376346,37_14,Eastern Carolina Council of Governments,North Carolina,636987.0,19.376219608877417,2.2201469621376178,83.5781684135237,16.39157107094715,18.41971528923734,39.33468921219503,0.0302605155291463
51_8,Shenandoah Valley,3,1.3723735781833764,21_1,Barren River Area Development District,Kentucky,313196.0,17.50469354653316,1.8427081744569929,72.13138768381317,27.820158882190544,6.710192585895831,61.59510061453732,0.0484534339962814
51_8,Shenandoah Valley,4,1.3859407787684632,45_8,Santee Lynches Regional Council of Governments,South Carolina,218698.0,0.0,1.2368672812703745,80.22985537190083,19.677599862258955,7.752168189302411,49.73812201698185,0.0925447658402204
51_8,Shenandoah Valley,5,1.8033204620663486,37_11,Mid-Carolina Council of Governments,North Carolina,529242.0,0.0,1.185318642926397,89.81364950135836,10.133405084495674,5.613979904190032,35.85926566581908,0.0529454141459731
51_8,Shenandoah Valley,6,1.9535917198493917,13_5,Northeast Georgia Regional Commission,Georgia,662319.0,11.630800263921165,0.8776582145434092,79.58238674328479,20.277295202458905,12.583858656466894,59.4334988333992,0.1403180542563143
51_8,Shenandoah Valley,7,2.040165191150204,37_16,Mid-East Commission,North Carolina,277350.0,16.120786010456104,1.0784467655242869,84.09060898166932,15.864974850845709,27.219447296267383,11.143310726087376,0.0444161674849645
51_8,Shenandoah Valley,8,2.1020494942063688,24_4,Upper Shore Regional Council,Maryland,173481.0,0.0,0.827384082048651,82.62380964038287,17.131386325246638,32.94873331696653,39.95129788404744,0.2448040343704864
51_9,Central Virginia,1,0.7866355379962743,45_4,Central Midlands Council of Governments,South Carolina,770955.0,4.91831559559248,0.1465481809890374,88.7534371053967,11.162380856847264,40.423412454676175,12.813365690186268,0.0841820377560373
51_9,Central Virginia,2,1.1003420579993193,51_4,Greater Richmond,Virginia,1074738.0,0.0,0.0328998406357606,92.69747302747044,7.222200826368982,50.95872169669453,7.661809230235695,0.0803261461605752
51_9,Central Virginia,3,1.1617092264635736,45_2,Berkeley-Charleston-Dorchester Council of Governments,South Carolina,803398.0,0.0,0.0235762777358633,89.63357786947883,10.339675989607214,56.975007208562616,16.84564225122843,0.0267461409139538
51_9,Central Virginia,4,1.2770527132159486,21_9,Kentuckiana Regional Planning and Development Agency,Kentucky,1021606.0,0.0,0.0168697955689331,85.8535377115514,14.095828045233258,39.34622476910251,20.343433330868194,0.0506342432153402
51_9,Central Virginia,5,1.3337328160434774,24_1,Tri-County Council for Western Maryland,Maryland,251662.0,0.0,0.5995481603616932,88.31842597917456,11.556768265077636,21.72491224773724,63.136822594076975,0.1248057557477944
51_9,Central Virginia,6,1.380537599626439,24_4,Upper Shore Regional Council,Maryland,173481.0,0.0,0.827384082048651,82.62380964038287,17.131386325246638,32.94873331696653,39.95129788404744,0.2448040343704864
51_9,Central Virginia,7,1.4234809684648,54_9,Region IX - Eastern Panhandle Regional Planning and Development Council,West Virginia,198563.0,0.0,0.0047673105248978,86.90173762828981,13.098262371710192,16.467300473216717,47.06156700004817,0.0
51_9,Central Virginia,8,1.4519360152413483,47_9,MidSouth Development District,Tennessee,1054955.0,0.0,-0.004354231766561,92.504297509559,7.474557002017529,60.50058803272282,25.14082473742144,0.021145488423467
